"check_date","link_id","prcs_spd","prcs_trv_time"
"2018-08-26 15:38:56.36","1220003800",18,600
"2018-08-26 15:43:56.304","1220003800",12,900
"2018-08-26 15:48:56.304","1220003800",13,830
"2018-08-26 15:53:56.304","1220003800",16,675
"2018-08-26 15:58:56.304","1220003800",18,600
"2018-08-26 16:03:56.304","1220003800",15,720
"2018-08-26 16:06:58.463","1220003800",18,600
"2018-08-26 16:36:58.44","1220003800",9,1200
"2018-08-26 17:06:58.44","1220003800",20,540
"2018-08-26 17:36:58.44","1220003800",18,600
"2018-08-26 18:06:58.44","1220003800",15,720
"2018-08-26 18:36:58.44","1220003800",15,720
"2018-08-26 19:06:58.44","1220003800",20,540
"2018-08-26 19:36:58.44","1220003800",49,220
"2018-08-26 20:06:58.44","1220003800",46,235
"2018-08-26 20:36:58.44","1220003800",38,284
"2018-08-26 21:06:58.44","1220003800",28,386
"2018-08-26 21:36:58.44","1220003800",12,900
"2018-08-26 22:06:58.44","1220003800",44,245
"2018-08-26 22:36:58.44","1220003800",73,148
"2018-08-26 23:06:58.44","1220003800",80,135
"2018-08-26 23:36:58.441","1220003800",80,135
"2018-08-27 00:06:58.44","1220003800",78,138
"2018-08-27 00:36:58.44","1220003800",78,138
"2018-08-27 01:06:58.44","1220003800",80,135
"2018-08-27 01:36:58.44","1220003800",80,135
"2018-08-27 02:06:58.44","1220003800",82,132
"2018-08-27 02:36:58.44","1220003800",83,130
"2018-08-27 03:06:58.44","1220003800",81,133
"2018-08-27 03:36:58.44","1220003800",82,132
"2018-08-27 04:06:58.44","1220003800",80,135
"2018-08-27 04:36:58.44","1220003800",86,126
"2018-08-27 05:06:58.44","1220003800",79,137
"2018-08-27 05:36:58.44","1220003800",79,137
"2018-08-27 06:06:58.44","1220003800",58,186
"2018-08-27 06:36:58.44","1220003800",15,720
"2018-08-27 07:06:58.44","1220003800",16,675
"2018-08-27 07:36:58.44","1220003800",19,568
"2018-08-27 08:06:58.44","1220003800",16,675
"2018-08-27 08:36:58.44","1220003800",9,1200
"2018-08-27 09:06:58.44","1220003800",8,1350
"2018-08-27 09:36:58.44","1220003800",10,1080
"2018-08-27 10:06:58.44","1220003800",17,635
"2018-08-27 10:36:58.44","1220003800",15,720
"2018-08-27 11:36:58.44","1220003800",20,540
"2018-08-27 12:06:58.44","1220003800",17,635
"2018-08-27 12:36:58.44","1220003800",16,675
"2018-08-27 13:06:58.44","1220003800",18,600
"2018-08-27 13:36:58.44","1220003800",23,469
"2018-08-27 14:06:58.44","1220003800",32,337
"2018-08-27 14:36:58.44","1220003800",19,568
"2018-08-27 15:06:58.44","1220003800",25,432
"2018-08-27 15:36:58.44","1220003800",20,540
"2018-08-27 16:06:58.44","1220003800",19,568
"2018-08-27 16:36:58.44","1220003800",18,600
"2018-08-27 17:06:58.44","1220003800",16,675
"2018-08-27 17:36:58.44","1220003800",19,568
"2018-08-27 18:06:58.44","1220003800",15,720
"2018-08-27 18:36:58.44","1220003800",19,568
"2018-08-27 19:06:58.44","1220003800",20,540
"2018-08-27 19:36:58.44","1220003800",31,348
"2018-08-27 20:06:58.44","1220003800",73,148
"2018-08-27 20:36:58.44","1220003800",77,140
"2018-08-27 21:06:58.44","1220003800",81,133
"2018-08-27 21:36:58.44","1220003800",79,137
"2018-08-27 22:06:58.44","1220003800",73,148
"2018-08-27 22:36:58.44","1220003800",76,142
"2018-08-27 23:06:58.44","1220003800",81,133
"2018-08-27 23:36:58.44","1220003800",82,132
"2018-08-28 00:06:58.44","1220003800",92,117
"2018-08-28 00:36:58.44","1220003800",87,124
"2018-08-28 01:06:58.44","1220003800",84,129
"2018-08-28 01:36:58.44","1220003800",95,114
"2018-08-28 02:06:58.44","1220003800",89,121
"2018-08-28 02:36:58.44","1220003800",88,123
"2018-08-28 03:06:58.44","1220003800",90,120
"2018-08-28 03:36:58.44","1220003800",82,132
"2018-08-28 04:06:58.44","1220003800",83,130
"2018-08-28 04:36:58.44","1220003800",89,121
"2018-08-28 05:06:58.44","1220003800",83,130
"2018-08-28 05:36:58.44","1220003800",84,129
"2018-08-28 06:06:58.44","1220003800",74,146
"2018-08-28 06:36:58.44","1220003800",67,161
"2018-08-28 07:06:58.44","1220003800",19,568
"2018-08-28 07:36:58.44","1220003800",18,600
"2018-08-28 08:06:58.44","1220003800",18,600
"2018-08-28 08:36:58.44","1220003800",22,491
"2018-08-28 09:06:58.44","1220003800",16,675
"2018-08-28 09:36:58.44","1220003800",18,600
"2018-08-28 10:36:58.44","1220003800",15,720
"2018-08-28 11:06:58.44","1220003800",20,540
"2018-08-28 11:36:58.44","1220003800",25,432
"2018-08-28 12:06:58.44","1220003800",15,720
"2018-08-28 12:36:58.44","1220003800",26,415
"2018-08-28 13:06:58.44","1220003800",23,469
"2018-08-28 13:36:58.44","1220003800",24,450
"2018-08-28 14:06:58.44","1220003800",16,675
"2018-08-28 14:36:58.44","1220003800",18,600
"2018-08-28 15:06:58.44","1220003800",14,771
"2018-08-28 15:36:58.44","1220003800",16,675
"2018-08-28 16:06:58.44","1220003800",16,675
"2018-08-28 16:36:58.44","1220003800",21,514
"2018-08-28 17:06:58.44","1220003800",12,900
"2018-08-28 17:36:58.44","1220003800",13,830
"2018-08-28 18:06:58.44","1220003800",13,830
"2018-08-28 18:36:58.44","1220003800",15,720
"2018-08-28 19:06:58.44","1220003800",14,771
"2018-08-28 19:36:58.44","1220003800",17,635
"2018-08-28 20:06:58.44","1220003800",31,348
"2018-08-28 20:36:58.44","1220003800",23,469
"2018-08-28 21:06:58.44","1220003800",70,154
"2018-08-28 21:36:58.44","1220003800",72,150
"2018-08-28 22:06:58.44","1220003800",71,152
"2018-08-28 22:36:58.44","1220003800",60,180
"2018-08-28 23:06:58.44","1220003800",67,161
"2018-08-28 23:36:58.44","1220003800",74,146
"2018-08-29 00:06:58.44","1220003800",79,137
"2018-08-29 00:36:58.44","1220003800",84,129
"2018-08-29 01:06:58.44","1220003800",76,142
"2018-08-29 01:36:58.44","1220003800",80,135
"2018-08-29 02:06:58.44","1220003800",83,130
"2018-08-29 02:36:58.44","1220003800",84,129
"2018-08-29 03:06:58.44","1220003800",74,146
"2018-08-29 03:36:58.44","1220003800",84,129
"2018-08-29 04:06:58.44","1220003800",87,124
"2018-08-29 04:36:58.44","1220003800",75,144
"2018-08-29 05:06:58.44","1220003800",79,137
"2018-08-29 05:36:58.44","1220003800",80,135
"2018-08-29 06:06:58.44","1220003800",67,161
"2018-08-29 06:36:58.44","1220003800",72,150
"2018-08-29 07:06:58.44","1220003800",34,318
"2018-08-29 07:36:58.44","1220003800",16,675
"2018-08-29 08:06:58.44","1220003800",15,720
"2018-08-29 08:36:58.44","1220003800",17,635
"2018-08-29 09:06:58.44","1220003800",30,360
"2018-08-29 09:36:58.44","1220003800",20,540
"2018-08-29 10:06:58.44","1220003800",18,600
"2018-08-29 10:36:58.44","1220003800",20,540
"2018-08-29 11:06:58.44","1220003800",20,540
"2018-08-29 11:36:58.44","1220003800",21,514
"2018-08-29 12:06:58.44","1220003800",46,235
"2018-08-29 12:36:58.44","1220003800",47,230
"2018-08-29 13:06:58.44","1220003800",76,142
"2018-08-29 13:36:58.44","1220003800",29,372
"2018-08-29 14:06:58.44","1220003800",17,635
"2018-08-29 14:36:58.44","1220003800",26,415
"2018-08-29 15:06:58.44","1220003800",22,491
"2018-08-29 15:36:58.44","1220003800",18,600
"2018-08-29 16:06:58.44","1220003800",18,600
"2018-08-29 16:36:58.44","1220003800",14,771
"2018-08-29 17:06:58.44","1220003800",17,635
"2018-08-29 17:36:58.44","1220003800",13,830
"2018-08-29 18:06:58.44","1220003800",14,771
"2018-08-29 18:36:58.44","1220003800",13,830
"2018-08-29 19:06:58.44","1220003800",22,491
"2018-08-29 19:36:58.44","1220003800",67,161
"2018-08-29 20:06:58.44","1220003800",66,164
"2018-08-29 20:36:58.44","1220003800",62,174
"2018-08-29 21:06:58.44","1220003800",61,177
"2018-08-29 21:36:58.44","1220003800",68,159
"2018-08-29 22:06:58.44","1220003800",67,161
"2018-08-29 22:36:58.44","1220003800",70,154
"2018-08-29 23:06:58.44","1220003800",75,144
"2018-08-29 23:36:58.44","1220003800",77,140
"2018-08-30 00:06:58.44","1220003800",82,132
"2018-08-30 00:36:58.44","1220003800",86,126
"2018-08-30 01:06:58.44","1220003800",83,130
"2018-08-30 01:36:58.44","1220003800",80,135
"2018-08-30 02:06:58.44","1220003800",74,146
"2018-08-30 02:36:58.44","1220003800",84,129
"2018-08-30 03:06:58.44","1220003800",77,140
"2018-08-30 03:36:58.44","1220003800",74,146
"2018-08-30 04:06:58.44","1220003800",81,133
"2018-08-30 04:36:58.44","1220003800",82,132
"2018-08-30 05:06:58.44","1220003800",71,152
"2018-08-30 05:36:58.44","1220003800",71,152
"2018-08-30 06:06:58.44","1220003800",77,140
"2018-08-30 06:36:58.44","1220003800",72,150
"2018-08-30 07:06:58.44","1220003800",76,142
"2018-08-30 07:36:58.44","1220003800",29,372
"2018-08-30 08:06:58.44","1220003800",62,174
"2018-08-30 08:36:58.44","1220003800",76,142
"2018-08-30 09:06:58.44","1220003800",72,150
"2018-08-30 09:36:58.44","1220003800",76,142
"2018-08-30 10:06:58.44","1220003800",72,150
"2018-08-30 10:36:58.44","1220003800",31,348
"2018-08-30 11:06:58.44","1220003800",20,540
"2018-08-30 11:36:58.44","1220003800",21,514
"2018-08-30 12:06:58.44","1220003800",21,514
"2018-08-30 12:36:58.44","1220003800",30,360
"2018-08-30 13:06:58.44","1220003800",42,257
"2018-08-30 13:36:58.44","1220003800",72,150
"2018-08-30 14:06:58.44","1220003800",20,540
"2018-08-30 14:36:58.44","1220003800",22,491
"2018-08-30 15:06:58.44","1220003800",31,348
"2018-08-30 15:36:58.44","1220003800",27,400
"2018-08-30 16:06:58.44","1220003800",21,514
"2018-08-30 16:36:58.44","1220003800",19,568
"2018-08-30 17:06:58.44","1220003800",17,635
"2018-08-30 17:36:58.44","1220003800",20,540
"2018-08-30 18:06:58.44","1220003800",18,600
"2018-08-30 18:36:58.44","1220003800",17,635
"2018-08-30 19:06:58.44","1220003800",18,600
"2018-08-30 19:36:58.44","1220003800",16,675
"2018-08-30 20:06:58.44","1220003800",29,372
"2018-08-30 20:36:58.44","1220003800",72,150
"2018-08-30 21:06:58.44","1220003800",73,148
"2018-08-30 21:36:58.44","1220003800",73,148
"2018-08-30 22:06:58.44","1220003800",70,154
"2018-08-30 22:36:58.44","1220003800",67,161
"2018-08-30 23:06:58.44","1220003800",78,138
"2018-08-30 23:36:58.44","1220003800",81,133
"2018-08-31 00:06:58.44","1220003800",82,132
"2018-08-31 00:36:58.44","1220003800",86,126
"2018-08-31 01:06:58.44","1220003800",78,138
"2018-08-31 01:36:58.44","1220003800",85,127
"2018-08-31 02:06:58.44","1220003800",82,132
"2018-08-31 02:36:58.44","1220003800",83,130
"2018-08-31 03:06:58.44","1220003800",82,132
"2018-08-31 03:36:58.44","1220003800",77,140
"2018-08-31 04:06:58.44","1220003800",83,130
"2018-08-31 04:36:58.44","1220003800",89,121
"2018-08-31 05:06:58.44","1220003800",84,129
"2018-08-31 05:36:58.44","1220003800",79,137
"2018-08-31 06:06:58.44","1220003800",66,164
"2018-08-31 06:36:58.44","1220003800",65,166
"2018-08-31 07:06:58.44","1220003800",16,675
"2018-08-31 07:36:58.44","1220003800",13,830
"2018-08-31 08:06:58.44","1220003800",18,600
"2018-08-31 08:36:58.44","1220003800",17,635
"2018-08-31 09:06:58.44","1220003800",35,308
"2018-08-31 09:36:58.44","1220003800",21,514
"2018-08-31 10:06:58.44","1220003800",20,540
"2018-08-31 10:36:58.44","1220003800",22,491
"2018-08-31 11:06:58.44","1220003800",79,137
"2018-08-31 11:36:58.44","1220003800",22,491
"2018-08-31 12:06:58.44","1220003800",25,432
"2018-08-31 12:36:58.44","1220003800",29,372
"2018-08-31 13:06:58.44","1220003800",27,400
"2018-08-31 13:36:58.44","1220003800",33,327
"2018-08-31 14:06:58.44","1220003800",30,360
"2018-08-31 15:06:58.44","1220003800",20,540
"2018-08-31 15:36:58.44","1220003800",20,540
"2018-08-31 16:06:58.44","1220003800",20,540
"2018-08-31 16:36:58.44","1220003800",17,635
"2018-08-31 17:06:58.44","1220003800",15,720
"2018-08-31 17:36:58.44","1220003800",16,675
"2018-08-31 18:06:58.44","1220003800",12,900
"2018-08-31 18:36:58.44","1220003800",10,1080
"2018-08-31 19:06:58.44","1220003800",15,720
"2018-08-31 19:36:58.44","1220003800",28,386
"2018-08-31 20:06:58.44","1220003800",73,148
"2018-08-31 20:36:58.44","1220003800",10,1080
"2018-08-31 21:06:58.44","1220003800",7,1542
"2018-08-31 22:06:58.44","1220003800",27,400
"2018-08-31 22:36:58.44","1220003800",74,146
"2018-08-31 23:06:58.44","1220003800",73,148
"2018-08-31 23:36:58.44","1220003800",78,138
"2018-09-01 00:06:58.44","1220003800",79,137
"2018-09-01 00:36:58.44","1220003800",80,135
"2018-09-01 01:06:58.44","1220003800",81,133
"2018-09-01 01:36:58.44","1220003800",84,129
"2018-09-01 02:06:58.44","1220003800",88,123
"2018-09-01 02:36:58.44","1220003800",86,126
"2018-09-01 03:06:58.44","1220003800",86,126
"2018-09-01 03:36:58.44","1220003800",89,121
"2018-09-01 04:06:58.44","1220003800",86,126
"2018-09-01 04:36:58.44","1220003800",90,120
"2018-09-01 05:06:58.44","1220003800",86,126
"2018-09-01 05:36:58.44","1220003800",84,129
"2018-09-01 06:06:58.44","1220003800",81,133
"2018-09-01 06:36:58.44","1220003800",78,138
"2018-09-01 07:06:58.44","1220003800",77,140
"2018-09-01 07:36:58.44","1220003800",77,140
"2018-09-01 08:06:58.44","1220003800",79,137
"2018-09-01 08:36:58.44","1220003800",79,137
"2018-09-01 09:06:58.44","1220003800",69,156
"2018-09-01 09:36:58.44","1220003800",25,432
"2018-09-01 10:06:58.44","1220003800",49,220
"2018-09-01 10:36:58.44","1220003800",38,284
"2018-09-01 11:06:58.44","1220003800",20,540
"2018-09-01 11:36:58.44","1220003800",19,568
"2018-09-01 12:06:58.44","1220003800",19,568
"2018-09-01 12:36:58.44","1220003800",19,568
"2018-09-01 13:06:58.44","1220003800",19,568
"2018-09-01 13:36:58.44","1220003800",29,372
"2018-09-01 14:06:58.44","1220003800",29,372
"2018-09-01 14:36:58.44","1220003800",20,540
"2018-09-01 15:06:58.44","1220003800",21,514
"2018-09-01 15:36:58.44","1220003800",19,568
"2018-09-01 16:06:58.44","1220003800",15,720
"2018-09-01 16:36:58.44","1220003800",19,568
"2018-09-01 17:06:58.44","1220003800",21,514
"2018-09-01 17:36:58.44","1220003800",15,720
"2018-09-01 18:06:58.44","1220003800",16,675
"2018-09-01 18:36:58.44","1220003800",17,635
"2018-09-01 19:06:58.44","1220003800",17,635
"2018-09-01 19:36:58.44","1220003800",25,432
"2018-09-01 20:06:58.44","1220003800",74,146
"2018-09-01 20:36:58.44","1220003800",70,154
"2018-09-01 21:06:58.44","1220003800",41,263
"2018-09-01 21:36:58.44","1220003800",77,140
"2018-09-01 22:06:58.44","1220003800",78,138
"2018-09-01 22:36:58.44","1220003800",79,137
"2018-09-01 23:06:58.44","1220003800",78,138
"2018-09-01 23:36:58.44","1220003800",78,138
"2018-09-02 00:06:58.44","1220003800",78,138
"2018-09-02 00:36:58.44","1220003800",85,127
"2018-09-02 01:06:58.44","1220003800",84,129
"2018-09-02 01:36:58.44","1220003800",90,120
"2018-09-02 02:06:58.44","1220003800",86,126
"2018-09-02 02:36:58.44","1220003800",89,121
"2018-09-02 03:06:58.44","1220003800",88,123
"2018-09-02 03:36:58.44","1220003800",89,121
"2018-09-02 04:06:58.44","1220003800",93,116
"2018-09-02 04:36:58.44","1220003800",93,116
"2018-09-02 05:06:58.44","1220003800",91,119
"2018-09-02 05:36:58.44","1220003800",88,123
"2018-09-02 06:06:58.44","1220003800",83,130
"2018-09-02 06:36:58.44","1220003800",85,127
"2018-09-02 07:06:58.44","1220003800",83,130
"2018-09-02 07:36:58.44","1220003800",84,129
"2018-09-02 08:06:58.44","1220003800",85,127
"2018-09-02 08:36:58.44","1220003800",83,130
"2018-09-02 09:06:58.44","1220003800",83,130
"2018-09-02 09:36:58.44","1220003800",80,135
"2018-09-02 10:06:58.44","1220003800",78,138
"2018-09-02 10:36:58.44","1220003800",73,148
"2018-09-02 11:06:58.44","1220003800",77,140
"2018-09-02 11:36:58.44","1220003800",69,156
"2018-09-02 12:06:58.44","1220003800",74,146
"2018-09-02 12:36:58.44","1220003800",76,142
"2018-09-02 13:06:58.44","1220003800",78,138
"2018-09-02 13:36:58.44","1220003800",73,148
"2018-09-02 14:06:58.44","1220003800",23,469
"2018-09-02 15:06:58.44","1220003800",13,830
"2018-09-02 15:36:58.44","1220003800",14,771
"2018-09-02 16:06:58.44","1220003800",21,514
"2018-09-02 16:36:58.44","1220003800",17,635
"2018-09-02 17:06:58.44","1220003800",15,720
"2018-09-02 17:36:58.44","1220003800",15,720
"2018-09-02 18:06:58.44","1220003800",18,600
"2018-09-02 18:36:58.44","1220003800",19,568
"2018-09-02 19:06:58.44","1220003800",17,635
"2018-09-02 19:36:58.44","1220003800",25,432
"2018-09-02 20:06:58.44","1220003800",23,469
"2018-09-02 20:36:58.44","1220003800",23,469
"2018-09-02 21:06:58.44","1220003800",25,432
"2018-09-02 21:36:58.44","1220003800",25,432
"2018-09-02 22:06:58.44","1220003800",28,386
"2018-09-02 22:36:58.44","1220003800",76,142
"2018-09-02 23:06:58.44","1220003800",77,140
"2018-09-02 23:36:58.44","1220003800",81,133
"2018-09-03 00:06:58.44","1220003800",89,121
"2018-09-03 00:36:58.44","1220003800",88,123
"2018-09-03 01:06:58.44","1220003800",83,130
"2018-09-03 01:36:58.44","1220003800",87,124
"2018-09-03 02:06:58.44","1220003800",89,121
"2018-09-03 02:36:58.44","1220003800",87,124
"2018-09-03 03:06:58.44","1220003800",83,130
"2018-09-03 03:36:58.44","1220003800",81,133
"2018-09-03 04:06:58.44","1220003800",80,135
"2018-09-03 04:36:58.44","1220003800",84,129
"2018-09-03 05:06:58.44","1220003800",82,132
"2018-09-03 05:36:58.44","1220003800",78,138
"2018-09-03 06:06:58.44","1220003800",43,251
"2018-09-03 06:36:58.44","1220003800",19,568
"2018-09-03 07:06:58.44","1220003800",18,600
"2018-09-03 07:36:58.44","1220003800",16,675
"2018-09-03 08:06:58.44","1220003800",16,675
"2018-09-03 08:36:58.44","1220003800",18,600
"2018-09-03 09:06:58.44","1220003800",20,540
"2018-09-03 09:36:58.44","1220003800",18,600
"2018-09-03 10:06:58.44","1220003800",20,540
"2018-09-03 10:36:58.44","1220003800",17,635
"2018-09-03 11:06:58.44","1220003800",16,675
"2018-09-03 11:36:58.44","1220003800",18,600
"2018-09-03 12:06:58.44","1220003800",32,337
"2018-09-03 12:36:58.44","1220003800",35,308
"2018-09-03 13:06:58.44","1220003800",70,154
"2018-09-03 13:36:58.44","1220003800",39,277
"2018-09-03 14:06:58.44","1220003800",71,152
"2018-09-03 14:36:58.44","1220003800",19,568
"2018-09-03 15:06:58.44","1220003800",23,469
"2018-09-03 15:36:58.44","1220003800",15,720
"2018-09-03 16:06:58.44","1220003800",15,720
"2018-09-03 16:36:58.44","1220003800",15,720
"2018-09-03 17:06:58.44","1220003800",14,771
"2018-09-03 17:36:58.44","1220003800",15,720
"2018-09-03 18:06:58.44","1220003800",14,771
"2018-09-03 18:36:58.44","1220003800",13,830
"2018-09-03 19:06:58.44","1220003800",15,720
"2018-09-03 19:36:58.44","1220003800",12,900
"2018-09-03 20:06:58.44","1220003800",15,720
"2018-09-03 20:36:58.44","1220003800",38,284
"2018-09-03 21:06:58.44","1220003800",65,166
"2018-09-03 21:36:58.44","1220003800",36,300
"2018-09-03 22:06:58.44","1220003800",42,257
"2018-09-03 22:36:58.44","1220003800",70,154
"2018-09-03 23:06:58.44","1220003800",73,148
"2018-09-03 23:36:58.44","1220003800",81,133
"2018-09-04 00:06:58.44","1220003800",85,127
"2018-09-04 00:36:58.44","1220003800",90,120
"2018-09-04 01:06:58.44","1220003800",87,124
"2018-09-04 01:36:58.44","1220003800",87,124
"2018-09-04 02:06:58.44","1220003800",89,121
"2018-09-04 02:36:58.44","1220003800",88,123
"2018-09-04 03:06:58.44","1220003800",88,123
"2018-09-04 03:36:58.44","1220003800",86,126
"2018-09-04 04:06:58.44","1220003800",83,130
"2018-09-04 04:36:58.44","1220003800",81,133
"2018-09-04 05:06:58.44","1220003800",87,124
"2018-09-04 05:36:58.44","1220003800",78,138
"2018-09-04 06:06:58.44","1220003800",72,150
"2018-09-04 06:36:58.44","1220003800",60,180
"2018-09-04 07:06:58.44","1220003800",21,514
"2018-09-04 07:36:58.44","1220003800",14,771
"2018-09-04 08:06:58.44","1220003800",19,568
"2018-09-04 08:36:58.44","1220003800",19,568
"2018-09-04 09:06:58.44","1220003800",19,568
"2018-09-04 09:36:58.44","1220003800",14,771
"2018-09-04 10:06:58.44","1220003800",20,540
"2018-09-04 10:36:58.44","1220003800",18,600
"2018-09-04 11:06:58.44","1220003800",20,540
"2018-09-04 11:36:58.44","1220003800",20,540
"2018-09-04 12:06:58.44","1220003800",24,450
"2018-09-04 12:36:58.44","1220003800",40,270
"2018-09-04 13:06:58.44","1220003800",42,257
"2018-09-04 13:36:58.44","1220003800",74,146
"2018-09-04 14:06:58.44","1220003800",20,540
"2018-09-04 14:36:58.44","1220003800",22,491
"2018-09-04 15:06:58.44","1220003800",23,469
"2018-09-04 15:36:58.44","1220003800",18,600
"2018-09-04 16:06:58.44","1220003800",24,450
"2018-09-04 16:36:58.44","1220003800",18,600
"2018-09-04 17:06:58.44","1220003800",11,981
"2018-09-04 17:36:58.44","1220003800",14,771
"2018-09-04 18:06:58.44","1220003800",17,635
"2018-09-04 18:36:58.44","1220003800",15,720
"2018-09-04 19:06:58.44","1220003800",14,771
"2018-09-04 19:36:58.44","1220003800",20,540
"2018-09-04 20:06:58.44","1220003800",73,148
"2018-09-04 20:36:58.44","1220003800",66,164
"2018-09-04 21:06:58.44","1220003800",75,144
"2018-09-04 21:36:58.44","1220003800",76,142
"2018-09-04 22:06:58.44","1220003800",63,171
"2018-09-04 22:36:58.44","1220003800",76,142
"2018-09-04 23:06:58.44","1220003800",76,142
"2018-09-04 23:36:58.44","1220003800",84,129
"2018-09-05 00:06:58.44","1220003800",85,127
"2018-09-05 00:36:58.44","1220003800",85,127
"2018-09-05 01:06:58.44","1220003800",88,123
"2018-09-05 01:36:58.44","1220003800",89,121
"2018-09-05 02:06:58.44","1220003800",88,123
"2018-09-05 02:36:58.44","1220003800",85,127
"2018-09-05 03:06:58.44","1220003800",88,123
"2018-09-05 03:36:58.44","1220003800",85,127
"2018-09-05 04:06:58.44","1220003800",87,124
"2018-09-05 04:36:58.44","1220003800",81,133
"2018-09-05 05:06:58.44","1220003800",83,130
"2018-09-05 05:36:58.44","1220003800",82,132
"2018-09-05 06:06:58.44","1220003800",78,138
"2018-09-05 06:36:58.44","1220003800",40,270
"2018-09-05 07:06:58.44","1220003800",17,635
"2018-09-05 07:36:58.44","1220003800",20,540
"2018-09-05 08:06:58.44","1220003800",17,635
"2018-09-05 08:36:58.44","1220003800",19,568
"2018-09-05 09:06:58.44","1220003800",22,491
"2018-09-05 09:36:58.44","1220003800",20,540
"2018-09-05 10:06:58.44","1220003800",20,540
"2018-09-05 10:36:58.44","1220003800",17,635
"2018-09-05 11:06:58.44","1220003800",19,568
"2018-09-05 11:36:58.44","1220003800",16,675
"2018-09-05 12:06:58.44","1220003800",22,491
"2018-09-05 12:36:58.44","1220003800",26,415
"2018-09-05 13:06:58.44","1220003800",45,240
"2018-09-05 13:36:58.44","1220003800",17,635
"2018-09-05 14:06:58.44","1220003800",19,568
"2018-09-05 14:36:58.44","1220003800",23,469
"2018-09-05 15:06:58.44","1220003800",34,318
"2018-09-05 15:36:58.44","1220003800",22,491
"2018-09-05 16:06:58.44","1220003800",18,600
"2018-09-05 16:36:58.44","1220003800",21,514
"2018-09-05 17:06:58.441","1220003800",17,635
"2018-09-05 17:36:58.44","1220003800",16,675
"2018-09-05 18:06:58.44","1220003800",20,540
"2018-09-05 19:06:58.44","1220003800",13,830
"2018-09-05 19:36:58.44","1220003800",18,600
"2018-09-05 20:06:58.44","1220003800",34,318
"2018-09-05 20:36:58.44","1220003800",19,568
"2018-09-05 21:06:58.44","1220003800",14,771
"2018-09-05 21:36:58.44","1220003800",42,257
"2018-09-05 22:06:58.44","1220003800",73,148
"2018-09-05 22:36:58.44","1220003800",72,150
"2018-09-05 23:06:58.44","1220003800",81,133
"2018-09-05 23:36:58.44","1220003800",80,135
"2018-09-06 00:06:58.44","1220003800",82,132
"2018-09-06 00:36:58.44","1220003800",80,135
"2018-09-06 01:36:58.44","1220003800",85,127
"2018-09-06 02:06:58.44","1220003800",87,124
"2018-09-06 02:36:58.44","1220003800",80,135
"2018-09-06 03:06:58.44","1220003800",87,124
"2018-09-06 03:36:58.44","1220003800",85,127
"2018-09-06 04:06:58.44","1220003800",81,133
"2018-09-06 04:36:58.44","1220003800",86,126
"2018-09-06 05:06:58.44","1220003800",83,130
"2018-09-06 05:36:58.44","1220003800",83,130
"2018-09-06 06:06:58.44","1220003800",73,148
"2018-09-06 06:36:58.44","1220003800",32,337
"2018-09-06 07:06:58.44","1220003800",22,491
"2018-09-06 07:36:58.44","1220003800",18,600
"2018-09-06 08:06:58.44","1220003800",17,635
"2018-09-06 08:36:58.44","1220003800",20,540
"2018-09-06 09:06:58.44","1220003800",20,540
"2018-09-06 09:36:58.44","1220003800",19,568
"2018-09-06 10:06:58.44","1220003800",21,514
"2018-09-06 10:36:58.44","1220003800",18,600
"2018-09-06 11:06:58.44","1220003800",19,568
"2018-09-06 11:36:58.44","1220003800",22,491
"2018-09-06 12:06:58.44","1220003800",73,148
"2018-09-06 12:36:58.44","1220003800",19,568
"2018-09-06 13:06:58.44","1220003800",21,514
"2018-09-06 13:36:58.44","1220003800",31,348
"2018-09-06 14:06:58.44","1220003800",31,348
"2018-09-06 14:36:58.44","1220003800",12,900
"2018-09-06 15:06:58.44","1220003800",20,540
"2018-09-06 15:36:58.44","1220003800",17,635
"2018-09-06 16:06:58.44","1220003800",12,900
"2018-09-06 16:36:58.44","1220003800",19,568
"2018-09-06 17:06:58.44","1220003800",15,720
"2018-09-06 17:36:58.44","1220003800",14,771
"2018-09-06 18:06:58.44","1220003800",18,600
"2018-09-06 18:36:58.44","1220003800",16,675
"2018-09-06 19:06:58.44","1220003800",16,675
"2018-09-06 19:36:58.44","1220003800",18,600
"2018-09-06 20:06:58.44","1220003800",20,540
"2018-09-06 20:36:58.44","1220003800",29,372
"2018-09-06 21:06:58.44","1220003800",12,900
"2018-09-06 21:36:58.44","1220003800",10,1080
"2018-09-06 22:06:58.44","1220003800",8,1350
"2018-09-06 22:36:58.44","1220003800",16,675
"2018-09-06 23:06:58.44","1220003800",79,137
"2018-09-06 23:36:58.44","1220003800",77,140
"2018-09-07 00:06:58.44","1220003800",79,137
"2018-09-07 00:36:58.44","1220003800",85,127
"2018-09-07 01:06:58.44","1220003800",87,124
"2018-09-07 01:36:58.44","1220003800",76,142
"2018-09-07 02:06:58.44","1220003800",81,133
"2018-09-07 02:36:58.44","1220003800",84,129
"2018-09-07 03:06:58.44","1220003800",85,127
"2018-09-07 03:36:58.44","1220003800",82,132
"2018-09-07 04:06:58.44","1220003800",84,129
"2018-09-07 04:36:58.44","1220003800",84,129
"2018-09-07 05:06:58.44","1220003800",86,126
"2018-09-07 05:36:58.44","1220003800",81,133
"2018-09-07 06:06:58.44","1220003800",71,152
"2018-09-07 06:36:58.44","1220003800",40,270
"2018-09-07 07:06:58.44","1220003800",18,600
"2018-09-07 07:36:58.44","1220003800",19,568
"2018-09-07 08:06:58.44","1220003800",20,540
"2018-09-07 08:36:58.44","1220003800",19,568
"2018-09-07 09:06:58.44","1220003800",17,635
"2018-09-07 09:36:58.44","1220003800",18,600
"2018-09-07 10:06:58.44","1220003800",18,600
"2018-09-07 10:36:58.44","1220003800",18,600
"2018-09-07 11:06:58.44","1220003800",18,600
"2018-09-07 11:36:58.44","1220003800",16,675
"2018-09-07 12:06:58.44","1220003800",33,327
"2018-09-07 12:36:58.44","1220003800",43,251
"2018-09-07 13:06:58.44","1220003800",21,514
"2018-09-07 13:36:58.44","1220003800",30,360
"2018-09-07 14:06:58.44","1220003800",27,400
"2018-09-07 14:36:58.44","1220003800",20,540
"2018-09-07 15:06:58.44","1220003800",30,360
"2018-09-07 15:36:58.44","1220003800",45,240
"2018-09-07 16:06:58.44","1220003800",19,568
"2018-09-07 16:36:58.44","1220003800",15,720
"2018-09-07 17:06:58.44","1220003800",17,635
"2018-09-07 17:36:58.44","1220003800",18,600
"2018-09-07 18:06:58.44","1220003800",21,514
"2018-09-07 18:36:58.44","1220003800",16,675
"2018-09-07 19:06:58.44","1220003800",17,635
"2018-09-07 19:36:58.44","1220003800",16,675
"2018-09-07 20:06:58.44","1220003800",13,830
"2018-09-07 20:36:58.44","1220003800",18,600
"2018-09-07 21:06:58.44","1220003800",37,292
"2018-09-07 21:36:58.44","1220003800",21,514
"2018-09-07 22:06:58.44","1220003800",16,675
"2018-09-07 22:36:58.44","1220003800",76,142
"2018-09-07 23:06:58.44","1220003800",72,150
"2018-09-07 23:36:58.44","1220003800",77,140
"2018-09-08 00:06:58.44","1220003800",82,132
"2018-09-08 00:36:58.44","1220003800",86,126
"2018-09-08 01:06:58.44","1220003800",86,126
"2018-09-08 02:06:58.44","1220003800",90,120
"2018-09-08 02:36:58.44","1220003800",89,121
"2018-09-08 03:06:58.44","1220003800",90,120
"2018-09-08 03:36:58.44","1220003800",83,130
"2018-09-08 04:06:58.44","1220003800",85,127
"2018-09-08 04:36:58.44","1220003800",85,127
"2018-09-08 05:06:58.44","1220003800",81,133
"2018-09-08 05:36:58.44","1220003800",78,138
"2018-09-08 06:06:58.44","1220003800",78,138
"2018-09-08 06:36:58.44","1220003800",52,208
"2018-09-08 07:06:58.44","1220003800",38,284
"2018-09-08 07:36:58.44","1220003800",58,186
"2018-09-08 08:06:58.44","1220003800",22,491
"2018-09-08 08:36:58.44","1220003800",67,161
"2018-09-08 09:06:58.44","1220003800",15,720
"2018-09-08 09:36:58.44","1220003800",28,386
"2018-09-08 10:06:58.44","1220003800",39,277
"2018-09-08 10:36:58.44","1220003800",24,450
"2018-09-08 11:06:58.44","1220003800",25,432
"2018-09-08 11:36:58.44","1220003800",19,568
"2018-09-08 12:06:58.44","1220003800",20,540
"2018-09-08 12:36:58.44","1220003800",23,469
"2018-09-08 13:06:58.44","1220003800",37,292
"2018-09-08 13:36:58.44","1220003800",26,415
"2018-09-08 14:06:58.44","1220003800",21,514
"2018-09-08 14:36:58.44","1220003800",28,386
"2018-09-08 15:06:58.44","1220003800",24,450
"2018-09-08 15:36:58.44","1220003800",17,635
"2018-09-08 16:06:58.44","1220003800",22,491
"2018-09-08 16:36:58.44","1220003800",20,540
"2018-09-08 17:06:58.44","1220003800",16,675
"2018-09-08 17:36:58.44","1220003800",18,600
"2018-09-08 18:06:58.44","1220003800",20,540
"2018-09-08 18:36:58.44","1220003800",26,415
"2018-09-08 19:06:58.44","1220003800",34,318
"2018-09-08 19:36:58.44","1220003800",76,142
"2018-09-08 20:06:58.44","1220003800",68,159
"2018-09-08 20:36:58.44","1220003800",57,189
"2018-09-08 21:06:58.44","1220003800",73,148
"2018-09-08 21:36:58.44","1220003800",68,159
"2018-09-08 22:06:58.44","1220003800",27,400
"2018-09-08 22:36:58.44","1220003800",74,146
"2018-09-08 23:06:58.44","1220003800",74,146
"2018-09-08 23:36:58.44","1220003800",77,140
"2018-09-09 00:06:58.44","1220003800",81,133
"2018-09-09 00:36:58.44","1220003800",90,120
"2018-09-09 01:06:58.44","1220003800",88,123
"2018-09-09 01:36:58.44","1220003800",89,121
"2018-09-09 02:06:58.44","1220003800",92,117
"2018-09-09 02:36:58.44","1220003800",88,123
"2018-09-09 03:06:58.44","1220003800",90,120
"2018-09-09 03:36:58.44","1220003800",100,108
"2018-09-09 04:06:58.44","1220003800",91,119
"2018-09-09 04:36:58.44","1220003800",88,123
"2018-09-09 05:06:58.44","1220003800",88,123
"2018-09-09 05:36:58.44","1220003800",82,132
"2018-09-09 06:06:58.44","1220003800",87,124
"2018-09-09 06:36:58.44","1220003800",85,127
"2018-09-09 07:06:58.44","1220003800",81,133
"2018-09-09 07:36:58.44","1220003800",83,130
"2018-09-09 08:06:58.44","1220003800",87,124
"2018-09-09 08:36:58.44","1220003800",85,127
"2018-09-09 09:06:58.44","1220003800",80,135
"2018-09-09 09:36:58.44","1220003800",76,142
"2018-09-09 10:06:58.44","1220003800",72,150
"2018-09-09 10:36:58.44","1220003800",40,270
"2018-09-09 11:06:58.44","1220003800",50,216
"2018-09-09 11:36:58.44","1220003800",28,386
"2018-09-09 12:06:58.44","1220003800",85,127
"2018-09-09 12:36:58.44","1220003800",70,154
"2018-09-09 13:06:58.44","1220003800",81,133
"2018-09-09 13:36:58.44","1220003800",43,251
"2018-09-09 14:06:58.44","1220003800",45,240
"2018-09-09 14:36:58.44","1220003800",40,270
"2018-09-09 15:06:58.44","1220003800",21,514
"2018-09-09 15:36:58.44","1220003800",28,386
"2018-09-09 16:06:58.44","1220003800",20,540
"2018-09-09 16:36:58.44","1220003800",19,568
"2018-09-09 17:06:58.44","1220003800",21,514
"2018-09-09 17:36:58.44","1220003800",19,568
"2018-09-09 18:06:58.44","1220003800",23,469
"2018-09-09 18:36:58.44","1220003800",34,318
"2018-09-09 19:06:58.44","1220003800",33,327
"2018-09-09 19:36:58.44","1220003800",25,432
"2018-09-09 20:06:58.44","1220003800",40,270
"2018-09-09 20:36:58.44","1220003800",26,415
"2018-09-09 21:06:58.44","1220003800",21,514
"2018-09-09 21:36:58.44","1220003800",35,308
"2018-09-09 22:06:58.44","1220003800",72,150
"2018-09-09 22:36:58.44","1220003800",80,135
"2018-09-09 23:06:58.44","1220003800",83,130
"2018-09-09 23:36:58.44","1220003800",86,126
"2018-09-10 00:06:58.44","1220003800",90,120
"2018-09-10 00:36:58.44","1220003800",87,124
"2018-09-10 01:06:58.44","1220003800",92,117
"2018-09-10 01:36:58.44","1220003800",95,114
"2018-09-10 02:06:58.44","1220003800",84,129
"2018-09-10 02:36:58.44","1220003800",88,123
"2018-09-10 03:06:58.44","1220003800",87,124
"2018-09-10 03:36:58.44","1220003800",88,123
"2018-09-10 04:06:58.44","1220003800",88,123
"2018-09-10 04:36:58.44","1220003800",85,127
"2018-09-10 05:36:58.44","1220003800",78,138
"2018-09-10 06:06:58.44","1220003800",27,400
"2018-09-10 06:36:58.44","1220003800",24,450
"2018-09-10 07:06:58.44","1220003800",15,720
"2018-09-10 07:36:58.44","1220003800",17,635
"2018-09-10 08:06:58.44","1220003800",14,771
"2018-09-10 08:36:58.44","1220003800",16,675
"2018-09-10 09:06:58.44","1220003800",20,540
"2018-09-10 09:36:58.44","1220003800",18,600
"2018-09-10 10:06:58.44","1220003800",18,600
"2018-09-10 10:36:58.44","1220003800",19,568
"2018-09-10 11:06:58.44","1220003800",63,171
"2018-09-10 11:36:58.44","1220003800",29,372
"2018-09-10 12:06:58.44","1220003800",21,514
"2018-09-10 12:36:58.44","1220003800",21,514
"2018-09-10 13:06:58.44","1220003800",79,137
"2018-09-10 13:36:58.44","1220003800",45,240
"2018-09-10 14:06:58.44","1220003800",42,257
"2018-09-10 14:36:58.44","1220003800",34,318
"2018-09-10 15:06:58.44","1220003800",23,469
"2018-09-10 15:36:58.44","1220003800",16,675
"2018-09-10 16:06:58.44","1220003800",17,635
"2018-09-10 16:36:58.44","1220003800",15,720
"2018-09-10 17:06:58.44","1220003800",35,308
"2018-09-10 17:36:58.44","1220003800",19,568
"2018-09-10 18:06:58.44","1220003800",15,720
"2018-09-10 18:36:58.44","1220003800",18,600
"2018-09-10 19:06:58.44","1220003800",18,600
"2018-09-10 19:36:58.44","1220003800",66,164
"2018-09-10 20:06:58.44","1220003800",76,142
"2018-09-10 20:36:58.44","1220003800",73,148
"2018-09-10 21:06:58.44","1220003800",74,146
"2018-09-10 21:36:58.44","1220003800",72,150
"2018-09-10 22:06:58.44","1220003800",75,144
"2018-09-10 22:36:58.44","1220003800",75,144
"2018-09-10 23:06:58.44","1220003800",79,137
"2018-09-10 23:36:58.44","1220003800",82,132
"2018-09-11 00:06:58.44","1220003800",81,133
"2018-09-11 00:36:58.44","1220003800",92,117
"2018-09-11 01:06:58.44","1220003800",92,117
"2018-09-11 01:36:58.44","1220003800",89,121
"2018-09-11 02:06:58.44","1220003800",95,114
"2018-09-11 02:36:58.44","1220003800",86,126
"2018-09-11 03:06:58.44","1220003800",91,119
"2018-09-11 03:36:58.44","1220003800",85,127
"2018-09-11 04:06:58.44","1220003800",87,124
"2018-09-11 04:36:58.44","1220003800",88,123
"2018-09-11 05:06:58.44","1220003800",84,129
"2018-09-11 05:36:58.44","1220003800",80,135
"2018-09-11 06:06:58.44","1220003800",74,146
"2018-09-11 06:36:58.44","1220003800",29,372
"2018-09-11 07:06:58.44","1220003800",18,600
"2018-09-11 08:06:58.44","1220003800",19,568
"2018-09-11 08:36:58.44","1220003800",14,771
"2018-09-11 09:06:58.44","1220003800",19,568
"2018-09-11 09:36:58.44","1220003800",18,600
"2018-09-11 10:06:58.44","1220003800",22,491
"2018-09-11 10:36:58.44","1220003800",20,540
"2018-09-11 11:06:58.44","1220003800",19,568
"2018-09-11 11:36:58.44","1220003800",17,635
"2018-09-11 12:06:58.44","1220003800",21,514
"2018-09-11 12:36:58.44","1220003800",21,514
"2018-09-11 13:06:58.44","1220003800",20,540
"2018-09-11 13:36:58.44","1220003800",27,400
"2018-09-11 14:06:58.44","1220003800",24,450
"2018-09-11 14:36:58.44","1220003800",19,568
"2018-09-11 15:06:58.44","1220003800",21,514
"2018-09-11 15:36:58.44","1220003800",19,568
"2018-09-11 16:06:58.44","1220003800",19,568
"2018-09-11 16:36:58.44","1220003800",20,540
"2018-09-11 17:06:58.44","1220003800",15,720
"2018-09-11 17:36:58.44","1220003800",18,600
"2018-09-11 18:06:58.44","1220003800",20,540
"2018-09-11 18:36:58.44","1220003800",20,540
"2018-09-11 19:06:58.44","1220003800",13,830
"2018-09-11 19:36:58.44","1220003800",16,675
"2018-09-11 20:06:58.44","1220003800",35,308
"2018-09-11 20:36:58.44","1220003800",73,148
"2018-09-11 21:06:58.44","1220003800",21,514
"2018-09-11 21:36:58.44","1220003800",33,327
"2018-09-11 22:06:58.44","1220003800",73,148
"2018-09-11 22:36:58.44","1220003800",74,146
"2018-09-11 23:06:58.44","1220003800",80,135
"2018-09-11 23:36:58.44","1220003800",79,137
"2018-09-12 00:06:58.44","1220003800",85,127
"2018-09-12 00:36:58.44","1220003800",90,120
"2018-09-12 01:06:58.44","1220003800",92,117
"2018-09-12 01:36:58.44","1220003800",91,119
"2018-09-12 02:06:58.44","1220003800",86,126
"2018-09-12 02:36:58.44","1220003800",93,116
"2018-09-12 03:06:58.44","1220003800",83,130
"2018-09-12 03:36:58.44","1220003800",84,129
"2018-09-12 04:06:58.44","1220003800",86,126
"2018-09-12 04:36:58.44","1220003800",88,123
"2018-09-12 05:06:58.44","1220003800",84,129
"2018-09-12 05:36:58.44","1220003800",83,130
"2018-09-12 06:06:58.44","1220003800",79,137
"2018-09-12 06:36:58.44","1220003800",29,372
"2018-09-12 07:06:58.44","1220003800",20,540
"2018-09-12 07:36:58.44","1220003800",17,635
"2018-09-12 08:06:58.44","1220003800",16,675
"2018-09-12 08:36:58.44","1220003800",16,675
"2018-09-12 09:06:58.44","1220003800",19,568
"2018-09-12 09:36:58.44","1220003800",16,675
"2018-09-12 10:06:58.44","1220003800",17,635
"2018-09-12 10:36:58.44","1220003800",17,635
"2018-09-12 11:06:58.44","1220003800",18,600
"2018-09-12 11:36:58.44","1220003800",20,540
"2018-09-12 12:06:58.44","1220003800",21,514
"2018-09-12 12:36:58.44","1220003800",23,469
"2018-09-12 13:06:58.44","1220003800",23,469
"2018-09-12 13:36:58.44","1220003800",56,193
"2018-09-12 14:06:58.44","1220003800",75,144
"2018-09-12 14:36:58.44","1220003800",27,400
"2018-09-12 15:06:58.44","1220003800",18,600
"2018-09-12 15:36:58.44","1220003800",35,308
"2018-09-12 16:06:58.44","1220003800",20,540
"2018-09-12 16:36:58.44","1220003800",18,600
"2018-09-12 17:06:58.44","1220003800",20,540
"2018-09-12 17:36:58.44","1220003800",7,1542
"2018-09-12 18:06:58.44","1220003800",17,635
"2018-09-12 18:36:58.44","1220003800",18,600
"2018-09-12 19:06:58.44","1220003800",15,720
"2018-09-12 19:36:58.44","1220003800",20,540
"2018-09-12 20:06:58.44","1220003800",23,469
"2018-09-12 20:36:58.44","1220003800",75,144
"2018-09-12 21:06:58.44","1220003800",69,156
"2018-09-12 21:36:58.44","1220003800",75,144
"2018-09-12 22:06:58.44","1220003800",76,142
"2018-09-12 22:36:58.44","1220003800",75,144
"2018-09-12 23:06:58.44","1220003800",79,137
"2018-09-12 23:36:58.44","1220003800",85,127
"2018-09-13 00:06:58.44","1220003800",84,129
"2018-09-13 00:36:58.44","1220003800",88,123
"2018-09-13 01:06:58.44","1220003800",85,127
"2018-09-13 01:36:58.44","1220003800",93,116
"2018-09-13 02:06:58.44","1220003800",86,126
"2018-09-13 02:36:58.44","1220003800",83,130
"2018-09-13 03:06:58.44","1220003800",90,120
"2018-09-13 03:36:58.44","1220003800",86,126
"2018-09-13 04:06:58.44","1220003800",85,127
"2018-09-13 04:36:58.44","1220003800",85,127
"2018-09-13 05:06:58.44","1220003800",85,127
"2018-09-13 05:36:58.44","1220003800",82,132
"2018-09-13 06:06:58.44","1220003800",71,152
"2018-09-13 06:36:58.44","1220003800",31,348
"2018-09-13 07:06:58.44","1220003800",19,568
"2018-09-13 07:36:58.44","1220003800",17,635
"2018-09-13 08:06:58.44","1220003800",20,540
"2018-09-13 08:36:58.44","1220003800",19,568
"2018-09-13 09:06:58.439","1220003800",19,568
"2018-09-13 09:36:58.439","1220003800",19,568
"2018-09-13 10:06:58.439","1220003800",19,568
"2018-09-13 10:36:58.439","1220003800",17,635
"2018-09-13 11:06:58.439","1220003800",18,600
"2018-09-13 11:36:58.439","1220003800",20,540
"2018-09-13 12:06:58.439","1220003800",21,514
"2018-09-13 12:36:58.439","1220003800",33,327
"2018-09-13 13:06:58.439","1220003800",28,386
"2018-09-13 13:36:58.439","1220003800",30,360
"2018-09-13 14:06:58.439","1220003800",25,432
"2018-09-13 14:36:58.439","1220003800",17,635
"2018-09-13 15:06:58.439","1220003800",29,372
"2018-09-13 15:36:58.439","1220003800",27,400
"2018-09-13 16:06:58.439","1220003800",25,432
"2018-09-13 16:36:58.439","1220003800",19,568
"2018-09-13 17:06:58.439","1220003800",17,635
"2018-09-13 17:36:58.439","1220003800",20,540